Title,Description,Link,Media URL,Pinterest board,Publish date
Free 19 Addition Math Worksheet For Grade 3 | Printable Practice,Fun and engaging Addition worksheet for Grade 3. Perfect printable math practice.,https://mathworksheetkidscollection.github.io/html/free-19-addition-math-worksheet-for-grade-3-3184.html,https://mathworksheetkidscollection.github.io/images/free-19-addition-math-worksheet-for-grade-3-3184.jpg,Homeschool Math,03/17/2026 08:33:00 AM
Printable Count and Color Worksheet for Grade 1 Kids,Printable Count and Color worksheet designed for Grade 1 students. Easy and fun math practice.,https://mathworksheetkidscollection.github.io/html/printable-count-and-color-worksheet-for-grade-1-kids-8736.html,https://mathworksheetkidscollection.github.io/images/printable-count-and-color-worksheet-for-grade-1-kids-8736.jpg,Homeschool Math,03/17/2026 11:04:00 AM
Free Counting Objects Worksheet For Kindergarten Printable - Part 3 | Printable Practice,Printable Counting Objects worksheet designed for Kindergarten students. Easy and fun math practice.,https://mathworksheetkidscollection.github.io/html/free-counting-objects-worksheet-for-kindergarten-printable-part-3-8232.html,https://mathworksheetkidscollection.github.io/images/free-counting-objects-worksheet-for-kindergarten-printable-part-3-8232.jpg,Homeschool Math,03/17/2026 01:32:00 PM
Free 13 Division Math Worksheet For Grade 2 - Part 4 | Printable Practice,Teachers and parents love this Division worksheet for Grade 2. Download and print instantly.,https://mathworksheetkidscollection.github.io/html/free-13-division-math-worksheet-for-grade-2-part-4-7883.html,https://mathworksheetkidscollection.github.io/images/free-13-division-math-worksheet-for-grade-2-part-4-7883.jpg,Elementary Math Activities,03/17/2026 04:27:00 PM
4 Mathematics Problem Set for Students,Help kids master Math with this printable worksheet for Math. Great for daily math practice.,https://mathworksheetkidscollection.github.io/html/4-mathematics-problem-set-for-students-2613.html,https://mathworksheetkidscollection.github.io/images/4-mathematics-problem-set-for-students-2613.jpg,Homeschool Math,03/17/2026 08:28:00 PM
Missing Number Math Worksheet,Fun and engaging Missing Number worksheet for Grade 1. Perfect printable math practice.,https://mathworksheetkidscollection.github.io/html/missing-number-math-worksheet-9149.html,https://mathworksheetkidscollection.github.io/images/missing-number-math-worksheet-9149.jpg,Kids Math Worksheets,03/18/2026 08:38:00 AM
Mixed Operations Math Worksheet,Fun and engaging Mixed Operations worksheet for Grade 3. Perfect printable math practice.,https://mathworksheetkidscollection.github.io/html/mixed-operations-math-worksheet-6845.html,https://mathworksheetkidscollection.github.io/images/mixed-operations-math-worksheet-6845.jpg,Math Practice Printables,03/18/2026 11:00:00 AM
Grade 2 Multiplication Practice Worksheet (22 Problems) - Part 8 | Printable Practice,Printable Multiplication worksheet designed for Grade 2 students. Easy and fun math practice.,https://mathworksheetkidscollection.github.io/html/grade-2-multiplication-practice-worksheet-22-problems-part-8-5694.html,https://mathworksheetkidscollection.github.io/images/grade-2-multiplication-practice-worksheet-22-problems-part-8-5694.jpg,Homeschool Math,03/18/2026 01:33:00 PM
Printable Free 24 Subtraction Math Worksheet For Grade 3 - Part 9 | Printable Practice,Help kids master Subtraction with this printable worksheet for Grade 3. Great for daily math practice.,https://mathworksheetkidscollection.github.io/html/printable-free-24-subtraction-math-worksheet-for-grade-3-part-9-8166.html,https://mathworksheetkidscollection.github.io/images/printable-free-24-subtraction-math-worksheet-for-grade-3-part-9-8166.jpg,Homeschool Math,03/18/2026 04:24:00 PM
Printable 3 Times Table Worksheet For Grade 2 - Part 10 | Printable Practice,Printable Times Table worksheet designed for Grade 2 students. Easy and fun math practice.,https://mathworksheetkidscollection.github.io/html/printable-3-times-table-worksheet-for-grade-2-part-10-8716.html,https://mathworksheetkidscollection.github.io/images/printable-3-times-table-worksheet-for-grade-2-part-10-8716.jpg,Homeschool Math,03/18/2026 08:22:00 PM
Printable Tracing Worksheet For Kids - Part 11 | Free Printable,Teachers and parents love this Tracing worksheet for Kindergarten. Download and print instantly.,https://mathworksheetkidscollection.github.io/html/printable-tracing-worksheet-for-kids-part-11-3837.html,https://mathworksheetkidscollection.github.io/images/printable-tracing-worksheet-for-kids-part-11-3837.jpg,Printable Worksheets,03/19/2026 08:34:00 AM
Math Word Problem Worksheet,Fun and engaging Word Problem worksheet for Grade 3. Perfect printable math practice.,https://mathworksheetkidscollection.github.io/html/math-word-problem-worksheet-4861.html,https://mathworksheetkidscollection.github.io/images/math-word-problem-worksheet-4861.jpg,Homeschool Math,03/19/2026 11:00:00 AM
Free 10 Addition Math Worksheet For Grade 1 With Answers - Part 13 | Printable Practice,Teachers and parents love this Addition worksheet for Grade 1. Download and print instantly.,https://mathworksheetkidscollection.github.io/html/free-10-addition-math-worksheet-for-grade-1-with-answers-part-13-2987.html,https://mathworksheetkidscollection.github.io/images/free-10-addition-math-worksheet-for-grade-1-with-answers-part-13-2987.jpg,Elementary Math Activities,03/19/2026 01:26:00 PM
5 Free Count and Color Worksheets for Preschool,Help kids master Count and Color with this printable worksheet for Preschool. Great for daily math practice.,https://mathworksheetkidscollection.github.io/html/5-free-count-and-color-worksheets-for-preschool-2173.html,https://mathworksheetkidscollection.github.io/images/5-free-count-and-color-worksheets-for-preschool-2173.jpg,Homeschool Math,03/19/2026 04:23:00 PM
Kindergarten Count The Objects Worksheet - Part 15 | Printable Practice,Printable Counting Objects worksheet designed for Kindergarten students. Easy and fun math practice.,https://mathworksheetkidscollection.github.io/html/kindergarten-count-the-objects-worksheet-part-15-2679.html,https://mathworksheetkidscollection.github.io/images/kindergarten-count-the-objects-worksheet-part-15-2679.jpg,Math Practice Printables,03/19/2026 08:24:00 PM
Free 24 Division Math Worksheet For Grade 2 - Part 16 | Printable Practice,Free printable Division worksheet for Grade 2. Perfect for homeschool practice and classroom activities.,https://mathworksheetkidscollection.github.io/html/free-24-division-math-worksheet-for-grade-2-part-16-1004.html,https://mathworksheetkidscollection.github.io/images/free-24-division-math-worksheet-for-grade-2-part-16-1004.jpg,Printable Worksheets,03/20/2026 08:30:00 AM
8 Math Skill Test Quiz Worksheet for Practice,Help kids master Math with this printable worksheet for Math. Great for daily math practice.,https://mathworksheetkidscollection.github.io/html/8-math-skill-test-quiz-worksheet-for-practice-9641.html,https://mathworksheetkidscollection.github.io/images/8-math-skill-test-quiz-worksheet-for-practice-9641.jpg,Elementary Math Activities,03/20/2026 11:08:00 AM
Missing Number Math Worksheet,Help kids master Missing Number with this printable worksheet for Grade 1. Great for daily math practice.,https://mathworksheetkidscollection.github.io/html/missing-number-math-worksheet-4227.html,https://mathworksheetkidscollection.github.io/images/missing-number-math-worksheet-4227.jpg,Printable Worksheets,03/20/2026 01:33:00 PM
Mixed Operations Math Worksheet,Teachers and parents love this Mixed Operations worksheet for Grade 3. Download and print instantly.,https://mathworksheetkidscollection.github.io/html/mixed-operations-math-worksheet-3869.html,https://mathworksheetkidscollection.github.io/images/mixed-operations-math-worksheet-3869.jpg,Elementary Math Activities,03/20/2026 04:34:00 PM
Free 16 Multiplication Math Worksheet For Grade 1 - Part 20 | Printable Practice,Teachers and parents love this Multiplication worksheet for Grade 1. Download and print instantly.,https://mathworksheetkidscollection.github.io/html/free-16-multiplication-math-worksheet-for-grade-1-part-20-9065.html,https://mathworksheetkidscollection.github.io/images/free-16-multiplication-math-worksheet-for-grade-1-part-20-9065.jpg,Homeschool Math,03/20/2026 08:22:00 PM
Grade 5 Subtraction Practice Worksheet (24 Problems) - Part 21 | Printable Practice,Teachers and parents love this Subtraction worksheet for Grade 5. Download and print instantly.,https://mathworksheetkidscollection.github.io/html/grade-5-subtraction-practice-worksheet-24-problems-part-21-7342.html,https://mathworksheetkidscollection.github.io/images/grade-5-subtraction-practice-worksheet-24-problems-part-21-7342.jpg,Math Practice Printables,03/21/2026 08:31:00 AM
12 Times Table Worksheet For Grade 4 With Answers - Part 22 | Printable Practice,Fun and engaging Times Table worksheet for Grade 4. Perfect printable math practice.,https://mathworksheetkidscollection.github.io/html/12-times-table-worksheet-for-grade-4-with-answers-part-22-4379.html,https://mathworksheetkidscollection.github.io/images/12-times-table-worksheet-for-grade-4-with-answers-part-22-4379.jpg,Homeschool Math,03/21/2026 11:04:00 AM
Printable Tracing Worksheet For Kids - Part 23 | Free Printable,Teachers and parents love this Tracing worksheet for Kindergarten. Download and print instantly.,https://mathworksheetkidscollection.github.io/html/printable-tracing-worksheet-for-kids-part-23-5847.html,https://mathworksheetkidscollection.github.io/images/printable-tracing-worksheet-for-kids-part-23-5847.jpg,Homeschool Math,03/21/2026 01:38:00 PM
Math Word Problem Worksheet,Help kids master Word Problem with this printable worksheet for Grade 3. Great for daily math practice.,https://mathworksheetkidscollection.github.io/html/math-word-problem-worksheet-4957.html,https://mathworksheetkidscollection.github.io/images/math-word-problem-worksheet-4957.jpg,Math Practice Printables,03/21/2026 04:38:00 PM
Grade 1 Addition Practice Worksheet (22 Problems) - Part 25 | Printable Practice,Free printable Addition worksheet for Grade 1. Perfect for homeschool practice and classroom activities.,https://mathworksheetkidscollection.github.io/html/grade-1-addition-practice-worksheet-22-problems-part-25-8923.html,https://mathworksheetkidscollection.github.io/images/grade-1-addition-practice-worksheet-22-problems-part-25-8923.jpg,Printable Worksheets,03/21/2026 08:33:00 PM
"Count and Color Triangle, Star, Apple Worksheet for Kids",Fun and engaging Count and Color worksheet for Kindergarten. Perfect printable math practice.,https://mathworksheetkidscollection.github.io/html/count-and-color-triangle-star-apple-worksheet-for-kids-1789.html,https://mathworksheetkidscollection.github.io/images/count-and-color-triangle-star-apple-worksheet-for-kids-1789.jpg,Elementary Math Activities,03/22/2026 08:26:00 AM
Free Counting Objects Worksheet For Kindergarten - Part 27 | Printable Practice,Help kids master Counting Objects with this printable worksheet for Kindergarten. Great for daily math practice.,https://mathworksheetkidscollection.github.io/html/free-counting-objects-worksheet-for-kindergarten-part-27-6062.html,https://mathworksheetkidscollection.github.io/images/free-counting-objects-worksheet-for-kindergarten-part-27-6062.jpg,Elementary Math Activities,03/22/2026 11:00:00 AM
Free 21 Division Math Worksheet For Grade 1 With Answers - Part 28 | Printable Practice,Free printable Division worksheet for Grade 1. Perfect for homeschool practice and classroom activities.,https://mathworksheetkidscollection.github.io/html/free-21-division-math-worksheet-for-grade-1-with-answers-part-28-5733.html,https://mathworksheetkidscollection.github.io/images/free-21-division-math-worksheet-for-grade-1-with-answers-part-28-5733.jpg,Printable Worksheets,03/22/2026 01:22:00 PM
Complete Math Quiz Training Worksheet,Teachers and parents love this Math worksheet for Math. Download and print instantly.,https://mathworksheetkidscollection.github.io/html/complete-math-quiz-training-worksheet-3459.html,https://mathworksheetkidscollection.github.io/images/complete-math-quiz-training-worksheet-3459.jpg,Math Practice Printables,03/22/2026 04:23:00 PM
Missing Number Math Worksheet,Fun and engaging Missing Number worksheet for Grade 1. Perfect printable math practice.,https://mathworksheetkidscollection.github.io/html/missing-number-math-worksheet-2308.html,https://mathworksheetkidscollection.github.io/images/missing-number-math-worksheet-2308.jpg,Homeschool Math,03/22/2026 08:22:00 PM
Mixed Operations Math Worksheet,Printable Mixed Operations worksheet designed for Grade 3 students. Easy and fun math practice.,https://mathworksheetkidscollection.github.io/html/mixed-operations-math-worksheet-4837.html,https://mathworksheetkidscollection.github.io/images/mixed-operations-math-worksheet-4837.jpg,Kids Math Worksheets,03/23/2026 08:30:00 AM
Free 17 Multiplication Math Worksheet For Grade 2 - Part 32 | Printable Practice,Help kids master Multiplication with this printable worksheet for Grade 2. Great for daily math practice.,https://mathworksheetkidscollection.github.io/html/free-17-multiplication-math-worksheet-for-grade-2-part-32-9287.html,https://mathworksheetkidscollection.github.io/images/free-17-multiplication-math-worksheet-for-grade-2-part-32-9287.jpg,Kids Math Worksheets,03/23/2026 11:00:00 AM
Free 30 Subtraction Math Worksheet For Grade 5 - Part 33 | Printable Practice,Printable Subtraction worksheet designed for Grade 5 students. Easy and fun math practice.,https://mathworksheetkidscollection.github.io/html/free-30-subtraction-math-worksheet-for-grade-5-part-33-7586.html,https://mathworksheetkidscollection.github.io/images/free-30-subtraction-math-worksheet-for-grade-5-part-33-7586.jpg,Math Practice Printables,03/23/2026 01:37:00 PM
Grade 4 Multiplication Table 11 Practice - Part 34 | Printable Practice,Teachers and parents love this Times Table worksheet for Grade 4. Download and print instantly.,https://mathworksheetkidscollection.github.io/html/grade-4-multiplication-table-11-practice-part-34-1642.html,https://mathworksheetkidscollection.github.io/images/grade-4-multiplication-table-11-practice-part-34-1642.jpg,Printable Worksheets,03/23/2026 04:27:00 PM
Printable Tracing Worksheet For Kids - Part 35 | Free Printable,Free printable Tracing worksheet for Kindergarten. Perfect for homeschool practice and classroom activities.,https://mathworksheetkidscollection.github.io/html/printable-tracing-worksheet-for-kids-part-35-2709.html,https://mathworksheetkidscollection.github.io/images/printable-tracing-worksheet-for-kids-part-35-2709.jpg,Homeschool Math,03/23/2026 08:32:00 PM
Math Word Problem Worksheet,Help kids master Word Problem with this printable worksheet for Grade 3. Great for daily math practice.,https://mathworksheetkidscollection.github.io/html/math-word-problem-worksheet-5376.html,https://mathworksheetkidscollection.github.io/images/math-word-problem-worksheet-5376.jpg,Homeschool Math,03/24/2026 08:36:00 AM
Free 12 Addition Math Worksheet For Grade 3 - Part 37 | Printable Practice,Fun and engaging Addition worksheet for Grade 3. Perfect printable math practice.,https://mathworksheetkidscollection.github.io/html/free-12-addition-math-worksheet-for-grade-3-part-37-1575.html,https://mathworksheetkidscollection.github.io/images/free-12-addition-math-worksheet-for-grade-3-part-37-1575.jpg,Kids Math Worksheets,03/24/2026 11:00:00 AM
5 Free Count and Color Worksheets for Grade 1,Teachers and parents love this Count and Color worksheet for Grade 1. Download and print instantly.,https://mathworksheetkidscollection.github.io/html/5-free-count-and-color-worksheets-for-grade-1-8846.html,https://mathworksheetkidscollection.github.io/images/5-free-count-and-color-worksheets-for-grade-1-8846.jpg,Math Practice Printables,03/24/2026 01:36:00 PM
Learn Counting With Pictures Worksheet (Kindergarten) - Part 39 | Printable Practice,Fun and engaging Counting Objects worksheet for Kindergarten. Perfect printable math practice.,https://mathworksheetkidscollection.github.io/html/learn-counting-with-pictures-worksheet-kindergarten-part-39-5300.html,https://mathworksheetkidscollection.github.io/images/learn-counting-with-pictures-worksheet-kindergarten-part-39-5300.jpg,Math Practice Printables,03/24/2026 04:25:00 PM
Free 21 Division Math Worksheet For Grade 2 With Answers - Part 40 | Printable Practice,Printable Division worksheet designed for Grade 2 students. Easy and fun math practice.,https://mathworksheetkidscollection.github.io/html/free-21-division-math-worksheet-for-grade-2-with-answers-part-40-7563.html,https://mathworksheetkidscollection.github.io/images/free-21-division-math-worksheet-for-grade-2-with-answers-part-40-7563.jpg,Elementary Math Activities,03/24/2026 08:23:00 PM
Printable Math Knowledge Test Test Worksheet for High School Students,Fun and engaging Math worksheet for Math. Perfect printable math practice.,https://mathworksheetkidscollection.github.io/html/printable-math-knowledge-test-test-worksheet-for-high-school-students-3180.html,https://mathworksheetkidscollection.github.io/images/printable-math-knowledge-test-test-worksheet-for-high-school-students-3180.jpg,Homeschool Math,03/25/2026 08:36:00 AM
Missing Number Math Worksheet,Free printable Missing Number worksheet for Grade 1. Perfect for homeschool practice and classroom activities.,https://mathworksheetkidscollection.github.io/html/missing-number-math-worksheet-6939.html,https://mathworksheetkidscollection.github.io/images/missing-number-math-worksheet-6939.jpg,Math Practice Printables,03/25/2026 11:00:00 AM
Mixed Operations Math Worksheet,Printable Mixed Operations worksheet designed for Grade 3 students. Easy and fun math practice.,https://mathworksheetkidscollection.github.io/html/mixed-operations-math-worksheet-8417.html,https://mathworksheetkidscollection.github.io/images/mixed-operations-math-worksheet-8417.jpg,Homeschool Math,03/25/2026 01:25:00 PM
Free 20 Multiplication Math Worksheet For Grade 1 With Answers - Part 44 | Printable Practice,Printable Multiplication worksheet designed for Grade 1 students. Easy and fun math practice.,https://mathworksheetkidscollection.github.io/html/free-20-multiplication-math-worksheet-for-grade-1-with-answers-part-44-5663.html,https://mathworksheetkidscollection.github.io/images/free-20-multiplication-math-worksheet-for-grade-1-with-answers-part-44-5663.jpg,Elementary Math Activities,03/25/2026 04:24:00 PM
Free 10 Subtraction Math Worksheet For Grade 3 With Answers - Part 45 | Printable Practice,Help kids master Subtraction with this printable worksheet for Grade 3. Great for daily math practice.,https://mathworksheetkidscollection.github.io/html/free-10-subtraction-math-worksheet-for-grade-3-with-answers-part-45-3953.html,https://mathworksheetkidscollection.github.io/images/free-10-subtraction-math-worksheet-for-grade-3-with-answers-part-45-3953.jpg,Homeschool Math,03/25/2026 08:30:00 PM
10 Times Table Worksheet For Grade 3 With Answers - Part 46 | Printable Practice,Free printable Times Table worksheet for Grade 3. Perfect for homeschool practice and classroom activities.,https://mathworksheetkidscollection.github.io/html/10-times-table-worksheet-for-grade-3-with-answers-part-46-3501.html,https://mathworksheetkidscollection.github.io/images/10-times-table-worksheet-for-grade-3-with-answers-part-46-3501.jpg,Printable Worksheets,03/26/2026 08:27:00 AM
Printable Tracing Worksheet For Kids - Part 47 | Free Printable,Fun and engaging Tracing worksheet for Preschool. Perfect printable math practice.,https://mathworksheetkidscollection.github.io/html/printable-tracing-worksheet-for-kids-part-47-6771.html,https://mathworksheetkidscollection.github.io/images/printable-tracing-worksheet-for-kids-part-47-6771.jpg,Homeschool Math,03/26/2026 11:03:00 AM
Math Word Problem Worksheet,Fun and engaging Word Problem worksheet for Grade 3. Perfect printable math practice.,https://mathworksheetkidscollection.github.io/html/math-word-problem-worksheet-1452.html,https://mathworksheetkidscollection.github.io/images/math-word-problem-worksheet-1452.jpg,Homeschool Math,03/26/2026 01:27:00 PM
Printable Free 23 Addition Math Worksheet For Grade 5 - Part 49 | Printable Practice,Free printable Addition worksheet for Grade 5. Perfect for homeschool practice and classroom activities.,https://mathworksheetkidscollection.github.io/html/printable-free-23-addition-math-worksheet-for-grade-5-part-49-2592.html,https://mathworksheetkidscollection.github.io/images/printable-free-23-addition-math-worksheet-for-grade-5-part-49-2592.jpg,Kids Math Worksheets,03/26/2026 04:26:00 PM
Free Kindergarten Count and Color Worksheet,Help kids master Count and Color with this printable worksheet for Kindergarten. Great for daily math practice.,https://mathworksheetkidscollection.github.io/html/free-kindergarten-count-and-color-worksheet-9433.html,https://mathworksheetkidscollection.github.io/images/free-kindergarten-count-and-color-worksheet-9433.jpg,Elementary Math Activities,03/26/2026 08:36:00 PM
Pre-K Count The Objects Worksheet - Part 51 | Printable Practice,Printable Counting Objects worksheet designed for Pre-K students. Easy and fun math practice.,https://mathworksheetkidscollection.github.io/html/pre-k-count-the-objects-worksheet-part-51-7933.html,https://mathworksheetkidscollection.github.io/images/pre-k-count-the-objects-worksheet-part-51-7933.jpg,Homeschool Math,03/27/2026 08:26:00 AM
Grade 2 Division Practice Worksheet (17 Problems) - Part 52 | Printable Practice,Fun and engaging Division worksheet for Grade 2. Perfect printable math practice.,https://mathworksheetkidscollection.github.io/html/grade-2-division-practice-worksheet-17-problems-part-52-7523.html,https://mathworksheetkidscollection.github.io/images/grade-2-division-practice-worksheet-17-problems-part-52-7523.jpg,Elementary Math Activities,03/27/2026 11:05:00 AM
8 Mathematics Quiz Quiz Worksheet,Printable Math worksheet designed for Math students. Easy and fun math practice.,https://mathworksheetkidscollection.github.io/html/8-mathematics-quiz-quiz-worksheet-4072.html,https://mathworksheetkidscollection.github.io/images/8-mathematics-quiz-quiz-worksheet-4072.jpg,Math Practice Printables,03/27/2026 01:30:00 PM
Missing Number Math Worksheet,Teachers and parents love this Missing Number worksheet for Grade 1. Download and print instantly.,https://mathworksheetkidscollection.github.io/html/missing-number-math-worksheet-6020.html,https://mathworksheetkidscollection.github.io/images/missing-number-math-worksheet-6020.jpg,Printable Worksheets,03/27/2026 04:26:00 PM
Mixed Operations Math Worksheet,Printable Mixed Operations worksheet designed for Grade 3 students. Easy and fun math practice.,https://mathworksheetkidscollection.github.io/html/mixed-operations-math-worksheet-2670.html,https://mathworksheetkidscollection.github.io/images/mixed-operations-math-worksheet-2670.jpg,Math Practice Printables,03/27/2026 08:36:00 PM
Free 21 Multiplication Math Worksheet For Grade 1 With Answers - Part 56 | Printable Practice,Fun and engaging Multiplication worksheet for Grade 1. Perfect printable math practice.,https://mathworksheetkidscollection.github.io/html/free-21-multiplication-math-worksheet-for-grade-1-with-answers-part-56-3677.html,https://mathworksheetkidscollection.github.io/images/free-21-multiplication-math-worksheet-for-grade-1-with-answers-part-56-3677.jpg,Kids Math Worksheets,03/28/2026 08:27:00 AM
Grade 3 Subtraction Practice Worksheet (25 Problems) - Part 57 | Printable Practice,Free printable Subtraction worksheet for Grade 3. Perfect for homeschool practice and classroom activities.,https://mathworksheetkidscollection.github.io/html/grade-3-subtraction-practice-worksheet-25-problems-part-57-7190.html,https://mathworksheetkidscollection.github.io/images/grade-3-subtraction-practice-worksheet-25-problems-part-57-7190.jpg,Kids Math Worksheets,03/28/2026 11:02:00 AM
Grade 3 Multiplication Table 9 Practice - Part 58 | Printable Practice,Teachers and parents love this Times Table worksheet for Grade 3. Download and print instantly.,https://mathworksheetkidscollection.github.io/html/grade-3-multiplication-table-9-practice-part-58-9337.html,https://mathworksheetkidscollection.github.io/images/grade-3-multiplication-table-9-practice-part-58-9337.jpg,Elementary Math Activities,03/28/2026 01:33:00 PM
Printable Tracing Worksheet For Kids - Part 59 | Free Printable,Teachers and parents love this Tracing worksheet for Kindergarten. Download and print instantly.,https://mathworksheetkidscollection.github.io/html/printable-tracing-worksheet-for-kids-part-59-6688.html,https://mathworksheetkidscollection.github.io/images/printable-tracing-worksheet-for-kids-part-59-6688.jpg,Homeschool Math,03/28/2026 04:25:00 PM
Math Word Problem Worksheet,Teachers and parents love this Word Problem worksheet for Grade 3. Download and print instantly.,https://mathworksheetkidscollection.github.io/html/math-word-problem-worksheet-4239.html,https://mathworksheetkidscollection.github.io/images/math-word-problem-worksheet-4239.jpg,Kids Math Worksheets,03/28/2026 08:25:00 PM
Free 29 Addition Math Worksheet For Grade 1 With Answers - Part 61 | Printable Practice,Printable Addition worksheet designed for Grade 1 students. Easy and fun math practice.,https://mathworksheetkidscollection.github.io/html/free-29-addition-math-worksheet-for-grade-1-with-answers-part-61-3200.html,https://mathworksheetkidscollection.github.io/images/free-29-addition-math-worksheet-for-grade-1-with-answers-part-61-3200.jpg,Homeschool Math,03/29/2026 08:24:00 AM
"Count and Color Square, Apple, Square Worksheet for Kids",Teachers and parents love this Count and Color worksheet for Grade 1. Download and print instantly.,https://mathworksheetkidscollection.github.io/html/count-and-color-square-apple-square-worksheet-for-kids-7054.html,https://mathworksheetkidscollection.github.io/images/count-and-color-square-apple-square-worksheet-for-kids-7054.jpg,Elementary Math Activities,03/29/2026 11:00:00 AM
Free Counting Objects Worksheet For Kindergarten Printable - Part 63 | Printable Practice,Fun and engaging Counting Objects worksheet for Kindergarten. Perfect printable math practice.,https://mathworksheetkidscollection.github.io/html/free-counting-objects-worksheet-for-kindergarten-printable-part-63-3972.html,https://mathworksheetkidscollection.github.io/images/free-counting-objects-worksheet-for-kindergarten-printable-part-63-3972.jpg,Math Practice Printables,03/29/2026 01:34:00 PM
Free 30 Division Math Worksheet For Grade 1 - Part 64 | Printable Practice,Teachers and parents love this Division worksheet for Grade 1. Download and print instantly.,https://mathworksheetkidscollection.github.io/html/free-30-division-math-worksheet-for-grade-1-part-64-9525.html,https://mathworksheetkidscollection.github.io/images/free-30-division-math-worksheet-for-grade-1-part-64-9525.jpg,Elementary Math Activities,03/29/2026 04:24:00 PM
4 Mathematics Problem Set Practice Worksheet,Help kids master Math with this printable worksheet for Math. Great for daily math practice.,https://mathworksheetkidscollection.github.io/html/4-mathematics-problem-set-practice-worksheet-2267.html,https://mathworksheetkidscollection.github.io/images/4-mathematics-problem-set-practice-worksheet-2267.jpg,Homeschool Math,03/29/2026 08:22:00 PM
Missing Number Math Worksheet,Help kids master Missing Number with this printable worksheet for Grade 1. Great for daily math practice.,https://mathworksheetkidscollection.github.io/html/missing-number-math-worksheet-6454.html,https://mathworksheetkidscollection.github.io/images/missing-number-math-worksheet-6454.jpg,Elementary Math Activities,03/30/2026 08:29:00 AM
Mixed Operations Math Worksheet,Teachers and parents love this Mixed Operations worksheet for Grade 3. Download and print instantly.,https://mathworksheetkidscollection.github.io/html/mixed-operations-math-worksheet-7639.html,https://mathworksheetkidscollection.github.io/images/mixed-operations-math-worksheet-7639.jpg,Elementary Math Activities,03/30/2026 11:08:00 AM
Grade 1 Multiplication Practice Worksheet (18 Problems) - Part 68 | Printable Practice,Free printable Multiplication worksheet for Grade 1. Perfect for homeschool practice and classroom activities.,https://mathworksheetkidscollection.github.io/html/grade-1-multiplication-practice-worksheet-18-problems-part-68-7936.html,https://mathworksheetkidscollection.github.io/images/grade-1-multiplication-practice-worksheet-18-problems-part-68-7936.jpg,Math Practice Printables,03/30/2026 01:31:00 PM
Free 27 Subtraction Math Worksheet For Grade 3 With Answers - Part 69 | Printable Practice,Free printable Subtraction worksheet for Grade 3. Perfect for homeschool practice and classroom activities.,https://mathworksheetkidscollection.github.io/html/free-27-subtraction-math-worksheet-for-grade-3-with-answers-part-69-4656.html,https://mathworksheetkidscollection.github.io/images/free-27-subtraction-math-worksheet-for-grade-3-with-answers-part-69-4656.jpg,Homeschool Math,03/30/2026 04:31:00 PM
8 Times Table Worksheet For Grade 3 - Part 70 | Printable Practice,Help kids master Times Table with this printable worksheet for Grade 3. Great for daily math practice.,https://mathworksheetkidscollection.github.io/html/8-times-table-worksheet-for-grade-3-part-70-5980.html,https://mathworksheetkidscollection.github.io/images/8-times-table-worksheet-for-grade-3-part-70-5980.jpg,Elementary Math Activities,03/30/2026 08:25:00 PM
Printable Tracing Worksheet For Kids - Part 71 | Free Printable,Teachers and parents love this Tracing worksheet for Preschool. Download and print instantly.,https://mathworksheetkidscollection.github.io/html/printable-tracing-worksheet-for-kids-part-71-3339.html,https://mathworksheetkidscollection.github.io/images/printable-tracing-worksheet-for-kids-part-71-3339.jpg,Homeschool Math,03/31/2026 08:34:00 AM
Math Word Problem Worksheet,Teachers and parents love this Word Problem worksheet for Grade 3. Download and print instantly.,https://mathworksheetkidscollection.github.io/html/math-word-problem-worksheet-6244.html,https://mathworksheetkidscollection.github.io/images/math-word-problem-worksheet-6244.jpg,Elementary Math Activities,03/31/2026 11:00:00 AM
Printable Free 17 Addition Math Worksheet For Grade 5 - Part 73 | Printable Practice,Fun and engaging Addition worksheet for Grade 5. Perfect printable math practice.,https://mathworksheetkidscollection.github.io/html/printable-free-17-addition-math-worksheet-for-grade-5-part-73-9165.html,https://mathworksheetkidscollection.github.io/images/printable-free-17-addition-math-worksheet-for-grade-5-part-73-9165.jpg,Elementary Math Activities,03/31/2026 01:29:00 PM
"Count and Color Circle, Ball, Car Worksheet for Kids",Printable Count and Color worksheet designed for Preschool students. Easy and fun math practice.,https://mathworksheetkidscollection.github.io/html/count-and-color-circle-ball-car-worksheet-for-kids-5401.html,https://mathworksheetkidscollection.github.io/images/count-and-color-circle-ball-car-worksheet-for-kids-5401.jpg,Homeschool Math,03/31/2026 04:23:00 PM
Pre-K Count The Objects Worksheet - Part 75 | Printable Practice,Teachers and parents love this Counting Objects worksheet for Pre-K. Download and print instantly.,https://mathworksheetkidscollection.github.io/html/pre-k-count-the-objects-worksheet-part-75-7477.html,https://mathworksheetkidscollection.github.io/images/pre-k-count-the-objects-worksheet-part-75-7477.jpg,Math Practice Printables,03/31/2026 08:38:00 PM
Free 26 Division Math Worksheet For Grade 2 With Answers - Part 76 | Printable Practice,Fun and engaging Division worksheet for Grade 2. Perfect printable math practice.,https://mathworksheetkidscollection.github.io/html/free-26-division-math-worksheet-for-grade-2-with-answers-part-76-3568.html,https://mathworksheetkidscollection.github.io/images/free-26-division-math-worksheet-for-grade-2-with-answers-part-76-3568.jpg,Homeschool Math,04/01/2026 08:22:00 AM
7 Math Quiz Practice Worksheet,Printable Math worksheet designed for Math students. Easy and fun math practice.,https://mathworksheetkidscollection.github.io/html/7-math-quiz-practice-worksheet-1529.html,https://mathworksheetkidscollection.github.io/images/7-math-quiz-practice-worksheet-1529.jpg,Math Practice Printables,04/01/2026 11:00:00 AM
Missing Number Math Worksheet,Printable Missing Number worksheet designed for Grade 1 students. Easy and fun math practice.,https://mathworksheetkidscollection.github.io/html/missing-number-math-worksheet-9774.html,https://mathworksheetkidscollection.github.io/images/missing-number-math-worksheet-9774.jpg,Math Practice Printables,04/01/2026 01:22:00 PM
Mixed Operations Math Worksheet,Printable Mixed Operations worksheet designed for Grade 3 students. Easy and fun math practice.,https://mathworksheetkidscollection.github.io/html/mixed-operations-math-worksheet-1046.html,https://mathworksheetkidscollection.github.io/images/mixed-operations-math-worksheet-1046.jpg,Math Practice Printables,04/01/2026 04:28:00 PM
Grade 2 Multiplication Practice Worksheet (22 Problems) - Part 80 | Printable Practice,Printable Multiplication worksheet designed for Grade 2 students. Easy and fun math practice.,https://mathworksheetkidscollection.github.io/html/grade-2-multiplication-practice-worksheet-22-problems-part-80-6847.html,https://mathworksheetkidscollection.github.io/images/grade-2-multiplication-practice-worksheet-22-problems-part-80-6847.jpg,Printable Worksheets,04/01/2026 08:33:00 PM
Grade 2 Subtraction Practice Worksheet (13 Problems) - Part 81 | Printable Practice,Help kids master Subtraction with this printable worksheet for Grade 2. Great for daily math practice.,https://mathworksheetkidscollection.github.io/html/grade-2-subtraction-practice-worksheet-13-problems-part-81-8638.html,https://mathworksheetkidscollection.github.io/images/grade-2-subtraction-practice-worksheet-13-problems-part-81-8638.jpg,Math Practice Printables,04/02/2026 08:38:00 AM
Printable 8 Times Table Worksheet For Grade 3 - Part 82 | Printable Practice,Teachers and parents love this Times Table worksheet for Grade 3. Download and print instantly.,https://mathworksheetkidscollection.github.io/html/printable-8-times-table-worksheet-for-grade-3-part-82-2009.html,https://mathworksheetkidscollection.github.io/images/printable-8-times-table-worksheet-for-grade-3-part-82-2009.jpg,Kids Math Worksheets,04/02/2026 11:00:00 AM
Printable Tracing Worksheet For Kids - Part 83 | Free Printable,Free printable Tracing worksheet for Kindergarten. Perfect for homeschool practice and classroom activities.,https://mathworksheetkidscollection.github.io/html/printable-tracing-worksheet-for-kids-part-83-3392.html,https://mathworksheetkidscollection.github.io/images/printable-tracing-worksheet-for-kids-part-83-3392.jpg,Math Practice Printables,04/02/2026 01:31:00 PM
Math Word Problem Worksheet,Printable Word Problem worksheet designed for Grade 3 students. Easy and fun math practice.,https://mathworksheetkidscollection.github.io/html/math-word-problem-worksheet-3509.html,https://mathworksheetkidscollection.github.io/images/math-word-problem-worksheet-3509.jpg,Elementary Math Activities,04/02/2026 04:30:00 PM
Grade 1 Addition Practice Worksheet (28 Problems) - Part 85 | Printable Practice,Fun and engaging Addition worksheet for Grade 1. Perfect printable math practice.,https://mathworksheetkidscollection.github.io/html/grade-1-addition-practice-worksheet-28-problems-part-85-2984.html,https://mathworksheetkidscollection.github.io/images/grade-1-addition-practice-worksheet-28-problems-part-85-2984.jpg,Elementary Math Activities,04/02/2026 08:35:00 PM
"Count and Color Triangle, Car, Ball Worksheet for Kids",Fun and engaging Count and Color worksheet for Kindergarten. Perfect printable math practice.,https://mathworksheetkidscollection.github.io/html/count-and-color-triangle-car-ball-worksheet-for-kids-6544.html,https://mathworksheetkidscollection.github.io/images/count-and-color-triangle-car-ball-worksheet-for-kids-6544.jpg,Homeschool Math,04/03/2026 08:23:00 AM
Kindergarten Count The Objects Worksheet - Part 87 | Printable Practice,Fun and engaging Counting Objects worksheet for Kindergarten. Perfect printable math practice.,https://mathworksheetkidscollection.github.io/html/kindergarten-count-the-objects-worksheet-part-87-3620.html,https://mathworksheetkidscollection.github.io/images/kindergarten-count-the-objects-worksheet-part-87-3620.jpg,Printable Worksheets,04/03/2026 11:00:00 AM
Free 28 Division Math Worksheet For Grade 1 With Answers - Part 88 | Printable Practice,Free printable Division worksheet for Grade 1. Perfect for homeschool practice and classroom activities.,https://mathworksheetkidscollection.github.io/html/free-28-division-math-worksheet-for-grade-1-with-answers-part-88-8434.html,https://mathworksheetkidscollection.github.io/images/free-28-division-math-worksheet-for-grade-1-with-answers-part-88-8434.jpg,Homeschool Math,04/03/2026 01:23:00 PM
Practice Mathematics Practice Worksheet (4 Questions),Teachers and parents love this Math worksheet for Math. Download and print instantly.,https://mathworksheetkidscollection.github.io/html/practice-mathematics-practice-worksheet-4-questions-2826.html,https://mathworksheetkidscollection.github.io/images/practice-mathematics-practice-worksheet-4-questions-2826.jpg,Math Practice Printables,04/03/2026 04:36:00 PM
Missing Number Math Worksheet,Help kids master Missing Number with this printable worksheet for Grade 1. Great for daily math practice.,https://mathworksheetkidscollection.github.io/html/missing-number-math-worksheet-2125.html,https://mathworksheetkidscollection.github.io/images/missing-number-math-worksheet-2125.jpg,Printable Worksheets,04/03/2026 08:32:00 PM
Mixed Operations Math Worksheet,Fun and engaging Mixed Operations worksheet for Grade 3. Perfect printable math practice.,https://mathworksheetkidscollection.github.io/html/mixed-operations-math-worksheet-5615.html,https://mathworksheetkidscollection.github.io/images/mixed-operations-math-worksheet-5615.jpg,Homeschool Math,04/04/2026 08:37:00 AM
Grade 2 Multiplication Practice Worksheet (18 Problems) - Part 92 | Printable Practice,Free printable Multiplication worksheet for Grade 2. Perfect for homeschool practice and classroom activities.,https://mathworksheetkidscollection.github.io/html/grade-2-multiplication-practice-worksheet-18-problems-part-92-4826.html,https://mathworksheetkidscollection.github.io/images/grade-2-multiplication-practice-worksheet-18-problems-part-92-4826.jpg,Kids Math Worksheets,04/04/2026 11:00:00 AM
Printable Free 20 Subtraction Math Worksheet For Grade 3 - Part 93 | Printable Practice,Printable Subtraction worksheet designed for Grade 3 students. Easy and fun math practice.,https://mathworksheetkidscollection.github.io/html/printable-free-20-subtraction-math-worksheet-for-grade-3-part-93-9591.html,https://mathworksheetkidscollection.github.io/images/printable-free-20-subtraction-math-worksheet-for-grade-3-part-93-9591.jpg,Printable Worksheets,04/04/2026 01:29:00 PM
Grade 3 Multiplication Table 6 Practice - Part 94 | Printable Practice,Teachers and parents love this Times Table worksheet for Grade 3. Download and print instantly.,https://mathworksheetkidscollection.github.io/html/grade-3-multiplication-table-6-practice-part-94-4869.html,https://mathworksheetkidscollection.github.io/images/grade-3-multiplication-table-6-practice-part-94-4869.jpg,Printable Worksheets,04/04/2026 04:32:00 PM
Printable Tracing Worksheet For Kids - Part 95 | Free Printable,Fun and engaging Tracing worksheet for Kindergarten. Perfect printable math practice.,https://mathworksheetkidscollection.github.io/html/printable-tracing-worksheet-for-kids-part-95-8198.html,https://mathworksheetkidscollection.github.io/images/printable-tracing-worksheet-for-kids-part-95-8198.jpg,Math Practice Printables,04/04/2026 08:29:00 PM
Math Word Problem Worksheet,Printable Word Problem worksheet designed for Grade 3 students. Easy and fun math practice.,https://mathworksheetkidscollection.github.io/html/math-word-problem-worksheet-1303.html,https://mathworksheetkidscollection.github.io/images/math-word-problem-worksheet-1303.jpg,Homeschool Math,04/05/2026 08:27:00 AM
Grade 5 Addition Practice Worksheet (29 Problems) - Part 97 | Printable Practice,Printable Addition worksheet designed for Grade 5 students. Easy and fun math practice.,https://mathworksheetkidscollection.github.io/html/grade-5-addition-practice-worksheet-29-problems-part-97-2271.html,https://mathworksheetkidscollection.github.io/images/grade-5-addition-practice-worksheet-29-problems-part-97-2271.jpg,Printable Worksheets,04/05/2026 11:02:00 AM
Grade 1 Count and Color Shapes Worksheet,Teachers and parents love this Count and Color worksheet for Grade 1. Download and print instantly.,https://mathworksheetkidscollection.github.io/html/grade-1-count-and-color-shapes-worksheet-5817.html,https://mathworksheetkidscollection.github.io/images/grade-1-count-and-color-shapes-worksheet-5817.jpg,Printable Worksheets,04/05/2026 01:36:00 PM
Free Counting Objects Worksheet For Pre-K - Part 99 | Printable Practice,Printable Counting Objects worksheet designed for Pre-K students. Easy and fun math practice.,https://mathworksheetkidscollection.github.io/html/free-counting-objects-worksheet-for-pre-k-part-99-9942.html,https://mathworksheetkidscollection.github.io/images/free-counting-objects-worksheet-for-pre-k-part-99-9942.jpg,Homeschool Math,04/05/2026 04:38:00 PM
Free 16 Division Math Worksheet For Grade 2 With Answers - Part 100 | Printable Practice,Printable Division worksheet designed for Grade 2 students. Easy and fun math practice.,https://mathworksheetkidscollection.github.io/html/free-16-division-math-worksheet-for-grade-2-with-answers-part-100-2193.html,https://mathworksheetkidscollection.github.io/images/free-16-division-math-worksheet-for-grade-2-with-answers-part-100-2193.jpg,Printable Worksheets,04/05/2026 08:25:00 PM
4 Mathematics Practice,Free printable Math worksheet for Math. Perfect for homeschool practice and classroom activities.,https://mathworksheetkidscollection.github.io/html/4-mathematics-practice-3245.html,https://mathworksheetkidscollection.github.io/images/4-mathematics-practice-3245.jpg,Printable Worksheets,04/06/2026 08:32:00 AM
Missing Number Math Worksheet,Free printable Missing Number worksheet for Grade 1. Perfect for homeschool practice and classroom activities.,https://mathworksheetkidscollection.github.io/html/missing-number-math-worksheet-2501.html,https://mathworksheetkidscollection.github.io/images/missing-number-math-worksheet-2501.jpg,Elementary Math Activities,04/06/2026 11:00:00 AM
Mixed Operations Math Worksheet,Free printable Mixed Operations worksheet for Grade 3. Perfect for homeschool practice and classroom activities.,https://mathworksheetkidscollection.github.io/html/mixed-operations-math-worksheet-2095.html,https://mathworksheetkidscollection.github.io/images/mixed-operations-math-worksheet-2095.jpg,Kids Math Worksheets,04/06/2026 01:28:00 PM
Grade 1 Multiplication Practice Worksheet (12 Problems) - Part 104 | Printable Practice,Help kids master Multiplication with this printable worksheet for Grade 1. Great for daily math practice.,https://mathworksheetkidscollection.github.io/html/grade-1-multiplication-practice-worksheet-12-problems-part-104-1197.html,https://mathworksheetkidscollection.github.io/images/grade-1-multiplication-practice-worksheet-12-problems-part-104-1197.jpg,Homeschool Math,04/06/2026 04:34:00 PM
Printable Free 22 Subtraction Math Worksheet For Grade 3 - Part 105 | Printable Practice,Fun and engaging Subtraction worksheet for Grade 3. Perfect printable math practice.,https://mathworksheetkidscollection.github.io/html/printable-free-22-subtraction-math-worksheet-for-grade-3-part-105-7072.html,https://mathworksheetkidscollection.github.io/images/printable-free-22-subtraction-math-worksheet-for-grade-3-part-105-7072.jpg,Homeschool Math,04/06/2026 08:34:00 PM
Printable 9 Times Table Worksheet For Grade 3 - Part 106 | Printable Practice,Fun and engaging Times Table worksheet for Grade 3. Perfect printable math practice.,https://mathworksheetkidscollection.github.io/html/printable-9-times-table-worksheet-for-grade-3-part-106-9506.html,https://mathworksheetkidscollection.github.io/images/printable-9-times-table-worksheet-for-grade-3-part-106-9506.jpg,Elementary Math Activities,04/07/2026 08:26:00 AM
Printable Tracing Worksheet For Kids - Part 107 | Free Printable,Help kids master Tracing with this printable worksheet for Preschool. Great for daily math practice.,https://mathworksheetkidscollection.github.io/html/printable-tracing-worksheet-for-kids-part-107-9034.html,https://mathworksheetkidscollection.github.io/images/printable-tracing-worksheet-for-kids-part-107-9034.jpg,Homeschool Math,04/07/2026 11:00:00 AM
Math Word Problem Worksheet,Fun and engaging Word Problem worksheet for Grade 3. Perfect printable math practice.,https://mathworksheetkidscollection.github.io/html/math-word-problem-worksheet-9126.html,https://mathworksheetkidscollection.github.io/images/math-word-problem-worksheet-9126.jpg,Elementary Math Activities,04/07/2026 01:23:00 PM
Free 25 Addition Math Worksheet For Grade 3 - Part 109 | Printable Practice,Teachers and parents love this Addition worksheet for Grade 3. Download and print instantly.,https://mathworksheetkidscollection.github.io/html/free-25-addition-math-worksheet-for-grade-3-part-109-7246.html,https://mathworksheetkidscollection.github.io/images/free-25-addition-math-worksheet-for-grade-3-part-109-7246.jpg,Kids Math Worksheets,04/07/2026 04:28:00 PM
Kindergarten Count and Color Shapes Worksheet,Teachers and parents love this Count and Color worksheet for Kindergarten. Download and print instantly.,https://mathworksheetkidscollection.github.io/html/kindergarten-count-and-color-shapes-worksheet-8045.html,https://mathworksheetkidscollection.github.io/images/kindergarten-count-and-color-shapes-worksheet-8045.jpg,Homeschool Math,04/07/2026 08:30:00 PM
Learn Counting With Pictures Worksheet (Kindergarten) - Part 111 | Printable Practice,Printable Counting Objects worksheet designed for Kindergarten students. Easy and fun math practice.,https://mathworksheetkidscollection.github.io/html/learn-counting-with-pictures-worksheet-kindergarten-part-111-8619.html,https://mathworksheetkidscollection.github.io/images/learn-counting-with-pictures-worksheet-kindergarten-part-111-8619.jpg,Elementary Math Activities,04/08/2026 08:35:00 AM
Grade 1 Division Practice Worksheet (17 Problems) - Part 112 | Printable Practice,Fun and engaging Division worksheet for Grade 1. Perfect printable math practice.,https://mathworksheetkidscollection.github.io/html/grade-1-division-practice-worksheet-17-problems-part-112-2763.html,https://mathworksheetkidscollection.github.io/images/grade-1-division-practice-worksheet-17-problems-part-112-2763.jpg,Elementary Math Activities,04/08/2026 11:04:00 AM
Daily Math Knowledge Test Worksheet (8 Questions),Free printable Math worksheet for Math. Perfect for homeschool practice and classroom activities.,https://mathworksheetkidscollection.github.io/html/daily-math-knowledge-test-worksheet-8-questions-7339.html,https://mathworksheetkidscollection.github.io/images/daily-math-knowledge-test-worksheet-8-questions-7339.jpg,Elementary Math Activities,04/08/2026 01:26:00 PM
Missing Number Math Worksheet,Free printable Missing Number worksheet for Grade 1. Perfect for homeschool practice and classroom activities.,https://mathworksheetkidscollection.github.io/html/missing-number-math-worksheet-7317.html,https://mathworksheetkidscollection.github.io/images/missing-number-math-worksheet-7317.jpg,Elementary Math Activities,04/08/2026 04:35:00 PM
Mixed Operations Math Worksheet,Printable Mixed Operations worksheet designed for Grade 3 students. Easy and fun math practice.,https://mathworksheetkidscollection.github.io/html/mixed-operations-math-worksheet-6139.html,https://mathworksheetkidscollection.github.io/images/mixed-operations-math-worksheet-6139.jpg,Homeschool Math,04/08/2026 08:27:00 PM
Grade 2 Multiplication Practice Worksheet (24 Problems) - Part 116 | Printable Practice,Fun and engaging Multiplication worksheet for Grade 2. Perfect printable math practice.,https://mathworksheetkidscollection.github.io/html/grade-2-multiplication-practice-worksheet-24-problems-part-116-9091.html,https://mathworksheetkidscollection.github.io/images/grade-2-multiplication-practice-worksheet-24-problems-part-116-9091.jpg,Kids Math Worksheets,04/09/2026 08:28:00 AM
Free 22 Subtraction Math Worksheet For Grade 3 With Answers - Part 117 | Printable Practice,Help kids master Subtraction with this printable worksheet for Grade 3. Great for daily math practice.,https://mathworksheetkidscollection.github.io/html/free-22-subtraction-math-worksheet-for-grade-3-with-answers-part-117-2336.html,https://mathworksheetkidscollection.github.io/images/free-22-subtraction-math-worksheet-for-grade-3-with-answers-part-117-2336.jpg,Math Practice Printables,04/09/2026 11:01:00 AM
5 Times Table Worksheet For Grade 2 - Part 118 | Printable Practice,Free printable Times Table worksheet for Grade 2. Perfect for homeschool practice and classroom activities.,https://mathworksheetkidscollection.github.io/html/5-times-table-worksheet-for-grade-2-part-118-5107.html,https://mathworksheetkidscollection.github.io/images/5-times-table-worksheet-for-grade-2-part-118-5107.jpg,Elementary Math Activities,04/09/2026 01:37:00 PM
Printable Tracing Worksheet For Kids - Part 119 | Free Printable,Printable Tracing worksheet designed for Preschool students. Easy and fun math practice.,https://mathworksheetkidscollection.github.io/html/printable-tracing-worksheet-for-kids-part-119-2086.html,https://mathworksheetkidscollection.github.io/images/printable-tracing-worksheet-for-kids-part-119-2086.jpg,Printable Worksheets,04/09/2026 04:24:00 PM
Math Word Problem Worksheet,Printable Word Problem worksheet designed for Grade 3 students. Easy and fun math practice.,https://mathworksheetkidscollection.github.io/html/math-word-problem-worksheet-5536.html,https://mathworksheetkidscollection.github.io/images/math-word-problem-worksheet-5536.jpg,Homeschool Math,04/09/2026 08:24:00 PM
Grade 1 Addition Practice Worksheet (30 Problems) - Part 121 | Printable Practice,Teachers and parents love this Addition worksheet for Grade 1. Download and print instantly.,https://mathworksheetkidscollection.github.io/html/grade-1-addition-practice-worksheet-30-problems-part-121-7007.html,https://mathworksheetkidscollection.github.io/images/grade-1-addition-practice-worksheet-30-problems-part-121-7007.jpg,Kids Math Worksheets,04/10/2026 08:36:00 AM
"Count and Color Circle, Ball, Ball Worksheet for Kids",Teachers and parents love this Count and Color worksheet for Preschool. Download and print instantly.,https://mathworksheetkidscollection.github.io/html/count-and-color-circle-ball-ball-worksheet-for-kids-6072.html,https://mathworksheetkidscollection.github.io/images/count-and-color-circle-ball-ball-worksheet-for-kids-6072.jpg,Elementary Math Activities,04/10/2026 11:02:00 AM
Kindergarten Count The Objects Worksheet - Part 123 | Printable Practice,Help kids master Counting Objects with this printable worksheet for Kindergarten. Great for daily math practice.,https://mathworksheetkidscollection.github.io/html/kindergarten-count-the-objects-worksheet-part-123-1330.html,https://mathworksheetkidscollection.github.io/images/kindergarten-count-the-objects-worksheet-part-123-1330.jpg,Kids Math Worksheets,04/10/2026 01:29:00 PM
Grade 2 Division Practice Worksheet (22 Problems) - Part 124 | Printable Practice,Printable Division worksheet designed for Grade 2 students. Easy and fun math practice.,https://mathworksheetkidscollection.github.io/html/grade-2-division-practice-worksheet-22-problems-part-124-9365.html,https://mathworksheetkidscollection.github.io/images/grade-2-division-practice-worksheet-22-problems-part-124-9365.jpg,Math Practice Printables,04/10/2026 04:37:00 PM
4 Math Quiz Practice Worksheet,Teachers and parents love this Math worksheet for Math. Download and print instantly.,https://mathworksheetkidscollection.github.io/html/4-math-quiz-practice-worksheet-3990.html,https://mathworksheetkidscollection.github.io/images/4-math-quiz-practice-worksheet-3990.jpg,Elementary Math Activities,04/10/2026 08:36:00 PM
Missing Number Math Worksheet,Teachers and parents love this Missing Number worksheet for Grade 1. Download and print instantly.,https://mathworksheetkidscollection.github.io/html/missing-number-math-worksheet-6121.html,https://mathworksheetkidscollection.github.io/images/missing-number-math-worksheet-6121.jpg,Math Practice Printables,04/11/2026 08:35:00 AM
Mixed Operations Math Worksheet,Printable Mixed Operations worksheet designed for Grade 3 students. Easy and fun math practice.,https://mathworksheetkidscollection.github.io/html/mixed-operations-math-worksheet-5285.html,https://mathworksheetkidscollection.github.io/images/mixed-operations-math-worksheet-5285.jpg,Kids Math Worksheets,04/11/2026 11:00:00 AM
Free 17 Multiplication Math Worksheet For Grade 2 With Answers - Part 128 | Printable Practice,Fun and engaging Multiplication worksheet for Grade 2. Perfect printable math practice.,https://mathworksheetkidscollection.github.io/html/free-17-multiplication-math-worksheet-for-grade-2-with-answers-part-128-6473.html,https://mathworksheetkidscollection.github.io/images/free-17-multiplication-math-worksheet-for-grade-2-with-answers-part-128-6473.jpg,Elementary Math Activities,04/11/2026 01:36:00 PM
Printable Free 10 Subtraction Math Worksheet For Grade 5 - Part 129 | Printable Practice,Printable Subtraction worksheet designed for Grade 5 students. Easy and fun math practice.,https://mathworksheetkidscollection.github.io/html/printable-free-10-subtraction-math-worksheet-for-grade-5-part-129-3317.html,https://mathworksheetkidscollection.github.io/images/printable-free-10-subtraction-math-worksheet-for-grade-5-part-129-3317.jpg,Math Practice Printables,04/11/2026 04:28:00 PM
9 Times Table Worksheet For Grade 3 - Part 130 | Printable Practice,Help kids master Times Table with this printable worksheet for Grade 3. Great for daily math practice.,https://mathworksheetkidscollection.github.io/html/9-times-table-worksheet-for-grade-3-part-130-3699.html,https://mathworksheetkidscollection.github.io/images/9-times-table-worksheet-for-grade-3-part-130-3699.jpg,Kids Math Worksheets,04/11/2026 08:32:00 PM
Printable Tracing Worksheet For Kids - Part 131 | Free Printable,Printable Tracing worksheet designed for Preschool students. Easy and fun math practice.,https://mathworksheetkidscollection.github.io/html/printable-tracing-worksheet-for-kids-part-131-6695.html,https://mathworksheetkidscollection.github.io/images/printable-tracing-worksheet-for-kids-part-131-6695.jpg,Printable Worksheets,04/12/2026 08:30:00 AM
Math Word Problem Worksheet,Teachers and parents love this Word Problem worksheet for Grade 3. Download and print instantly.,https://mathworksheetkidscollection.github.io/html/math-word-problem-worksheet-1063.html,https://mathworksheetkidscollection.github.io/images/math-word-problem-worksheet-1063.jpg,Printable Worksheets,04/12/2026 11:01:00 AM
Grade 5 Addition Practice Worksheet (22 Problems) - Part 133 | Printable Practice,Free printable Addition worksheet for Grade 5. Perfect for homeschool practice and classroom activities.,https://mathworksheetkidscollection.github.io/html/grade-5-addition-practice-worksheet-22-problems-part-133-4927.html,https://mathworksheetkidscollection.github.io/images/grade-5-addition-practice-worksheet-22-problems-part-133-4927.jpg,Homeschool Math,04/12/2026 01:26:00 PM
"Count and Color Square, Apple, Apple Worksheet for Kids",Free printable Count and Color worksheet for Preschool. Perfect for homeschool practice and classroom activities.,https://mathworksheetkidscollection.github.io/html/count-and-color-square-apple-apple-worksheet-for-kids-4763.html,https://mathworksheetkidscollection.github.io/images/count-and-color-square-apple-apple-worksheet-for-kids-4763.jpg,Math Practice Printables,04/12/2026 04:34:00 PM
Free Counting Objects Worksheet For Pre-K - Part 135 | Printable Practice,Help kids master Counting Objects with this printable worksheet for Pre-K. Great for daily math practice.,https://mathworksheetkidscollection.github.io/html/free-counting-objects-worksheet-for-pre-k-part-135-8476.html,https://mathworksheetkidscollection.github.io/images/free-counting-objects-worksheet-for-pre-k-part-135-8476.jpg,Homeschool Math,04/12/2026 08:29:00 PM
Free 19 Division Math Worksheet For Grade 2 With Answers - Part 136 | Printable Practice,Fun and engaging Division worksheet for Grade 2. Perfect printable math practice.,https://mathworksheetkidscollection.github.io/html/free-19-division-math-worksheet-for-grade-2-with-answers-part-136-5659.html,https://mathworksheetkidscollection.github.io/images/free-19-division-math-worksheet-for-grade-2-with-answers-part-136-5659.jpg,Math Practice Printables,04/13/2026 08:33:00 AM
Advanced Math Skill Test Practice Worksheet for Teens,Free printable Math worksheet for Math. Perfect for homeschool practice and classroom activities.,https://mathworksheetkidscollection.github.io/html/advanced-math-skill-test-practice-worksheet-for-teens-7048.html,https://mathworksheetkidscollection.github.io/images/advanced-math-skill-test-practice-worksheet-for-teens-7048.jpg,Printable Worksheets,04/13/2026 11:00:00 AM
Missing Number Math Worksheet,Free printable Missing Number worksheet for Grade 1. Perfect for homeschool practice and classroom activities.,https://mathworksheetkidscollection.github.io/html/missing-number-math-worksheet-9187.html,https://mathworksheetkidscollection.github.io/images/missing-number-math-worksheet-9187.jpg,Homeschool Math,04/13/2026 01:23:00 PM
Mixed Operations Math Worksheet,Printable Mixed Operations worksheet designed for Grade 3 students. Easy and fun math practice.,https://mathworksheetkidscollection.github.io/html/mixed-operations-math-worksheet-7439.html,https://mathworksheetkidscollection.github.io/images/mixed-operations-math-worksheet-7439.jpg,Homeschool Math,04/13/2026 04:35:00 PM
Free 14 Multiplication Math Worksheet For Grade 1 - Part 140 | Printable Practice,Fun and engaging Multiplication worksheet for Grade 1. Perfect printable math practice.,https://mathworksheetkidscollection.github.io/html/free-14-multiplication-math-worksheet-for-grade-1-part-140-5124.html,https://mathworksheetkidscollection.github.io/images/free-14-multiplication-math-worksheet-for-grade-1-part-140-5124.jpg,Printable Worksheets,04/13/2026 08:25:00 PM
Free 13 Subtraction Math Worksheet For Grade 3 - Part 141 | Printable Practice,Printable Subtraction worksheet designed for Grade 3 students. Easy and fun math practice.,https://mathworksheetkidscollection.github.io/html/free-13-subtraction-math-worksheet-for-grade-3-part-141-4731.html,https://mathworksheetkidscollection.github.io/images/free-13-subtraction-math-worksheet-for-grade-3-part-141-4731.jpg,Math Practice Printables,04/14/2026 08:33:00 AM
Printable 9 Times Table Worksheet For Grade 3 - Part 142 | Printable Practice,Printable Times Table worksheet designed for Grade 3 students. Easy and fun math practice.,https://mathworksheetkidscollection.github.io/html/printable-9-times-table-worksheet-for-grade-3-part-142-5081.html,https://mathworksheetkidscollection.github.io/images/printable-9-times-table-worksheet-for-grade-3-part-142-5081.jpg,Printable Worksheets,04/14/2026 11:02:00 AM
Printable Tracing Worksheet For Kids - Part 143 | Free Printable,Help kids master Tracing with this printable worksheet for Preschool. Great for daily math practice.,https://mathworksheetkidscollection.github.io/html/printable-tracing-worksheet-for-kids-part-143-6901.html,https://mathworksheetkidscollection.github.io/images/printable-tracing-worksheet-for-kids-part-143-6901.jpg,Printable Worksheets,04/14/2026 01:23:00 PM
Math Word Problem Worksheet,Fun and engaging Word Problem worksheet for Grade 3. Perfect printable math practice.,https://mathworksheetkidscollection.github.io/html/math-word-problem-worksheet-8876.html,https://mathworksheetkidscollection.github.io/images/math-word-problem-worksheet-8876.jpg,Kids Math Worksheets,04/14/2026 04:25:00 PM
Free 14 Addition Math Worksheet For Grade 1 With Answers - Part 145 | Printable Practice,Free printable Addition worksheet for Grade 1. Perfect for homeschool practice and classroom activities.,https://mathworksheetkidscollection.github.io/html/free-14-addition-math-worksheet-for-grade-1-with-answers-part-145-6642.html,https://mathworksheetkidscollection.github.io/images/free-14-addition-math-worksheet-for-grade-1-with-answers-part-145-6642.jpg,Homeschool Math,04/14/2026 08:29:00 PM
Fun Count and Color Objects Worksheet for Preschool,Printable Count and Color worksheet designed for Preschool students. Easy and fun math practice.,https://mathworksheetkidscollection.github.io/html/fun-count-and-color-objects-worksheet-for-preschool-9415.html,https://mathworksheetkidscollection.github.io/images/fun-count-and-color-objects-worksheet-for-preschool-9415.jpg,Elementary Math Activities,04/15/2026 08:28:00 AM
Free Counting Objects Worksheet For Pre-K - Part 147 | Printable Practice,Teachers and parents love this Counting Objects worksheet for Pre-K. Download and print instantly.,https://mathworksheetkidscollection.github.io/html/free-counting-objects-worksheet-for-pre-k-part-147-7112.html,https://mathworksheetkidscollection.github.io/images/free-counting-objects-worksheet-for-pre-k-part-147-7112.jpg,Printable Worksheets,04/15/2026 11:04:00 AM
Printable Free 30 Division Math Worksheet For Grade 2 - Part 148 | Printable Practice,Free printable Division worksheet for Grade 2. Perfect for homeschool practice and classroom activities.,https://mathworksheetkidscollection.github.io/html/printable-free-30-division-math-worksheet-for-grade-2-part-148-2034.html,https://mathworksheetkidscollection.github.io/images/printable-free-30-division-math-worksheet-for-grade-2-part-148-2034.jpg,Homeschool Math,04/15/2026 01:32:00 PM
4 Mathematics Quiz Practice Worksheet,Free printable Math worksheet for Math. Perfect for homeschool practice and classroom activities.,https://mathworksheetkidscollection.github.io/html/4-mathematics-quiz-practice-worksheet-9111.html,https://mathworksheetkidscollection.github.io/images/4-mathematics-quiz-practice-worksheet-9111.jpg,Kids Math Worksheets,04/15/2026 04:34:00 PM
Missing Number Math Worksheet,Help kids master Missing Number with this printable worksheet for Grade 1. Great for daily math practice.,https://mathworksheetkidscollection.github.io/html/missing-number-math-worksheet-9191.html,https://mathworksheetkidscollection.github.io/images/missing-number-math-worksheet-9191.jpg,Elementary Math Activities,04/15/2026 08:22:00 PM
Mixed Operations Math Worksheet,Teachers and parents love this Mixed Operations worksheet for Grade 3. Download and print instantly.,https://mathworksheetkidscollection.github.io/html/mixed-operations-math-worksheet-4743.html,https://mathworksheetkidscollection.github.io/images/mixed-operations-math-worksheet-4743.jpg,Homeschool Math,04/16/2026 08:38:00 AM
Free 10 Multiplication Math Worksheet For Grade 1 - Part 152 | Printable Practice,Help kids master Multiplication with this printable worksheet for Grade 1. Great for daily math practice.,https://mathworksheetkidscollection.github.io/html/free-10-multiplication-math-worksheet-for-grade-1-part-152-5860.html,https://mathworksheetkidscollection.github.io/images/free-10-multiplication-math-worksheet-for-grade-1-part-152-5860.jpg,Elementary Math Activities,04/16/2026 11:00:00 AM
Printable Free 14 Subtraction Math Worksheet For Grade 5 - Part 153 | Printable Practice,Help kids master Subtraction with this printable worksheet for Grade 5. Great for daily math practice.,https://mathworksheetkidscollection.github.io/html/printable-free-14-subtraction-math-worksheet-for-grade-5-part-153-8687.html,https://mathworksheetkidscollection.github.io/images/printable-free-14-subtraction-math-worksheet-for-grade-5-part-153-8687.jpg,Kids Math Worksheets,04/16/2026 01:29:00 PM
Grade 2 Multiplication Table 4 Practice - Part 154 | Printable Practice,Fun and engaging Times Table worksheet for Grade 2. Perfect printable math practice.,https://mathworksheetkidscollection.github.io/html/grade-2-multiplication-table-4-practice-part-154-5725.html,https://mathworksheetkidscollection.github.io/images/grade-2-multiplication-table-4-practice-part-154-5725.jpg,Kids Math Worksheets,04/16/2026 04:37:00 PM
Printable Tracing Worksheet For Kids - Part 155 | Free Printable,Printable Tracing worksheet designed for Preschool students. Easy and fun math practice.,https://mathworksheetkidscollection.github.io/html/printable-tracing-worksheet-for-kids-part-155-5247.html,https://mathworksheetkidscollection.github.io/images/printable-tracing-worksheet-for-kids-part-155-5247.jpg,Homeschool Math,04/16/2026 08:27:00 PM
Math Word Problem Worksheet,Teachers and parents love this Word Problem worksheet for Grade 3. Download and print instantly.,https://mathworksheetkidscollection.github.io/html/math-word-problem-worksheet-9432.html,https://mathworksheetkidscollection.github.io/images/math-word-problem-worksheet-9432.jpg,Kids Math Worksheets,04/17/2026 08:33:00 AM
Free 30 Addition Math Worksheet For Grade 5 - Part 157 | Printable Practice,Fun and engaging Addition worksheet for Grade 5. Perfect printable math practice.,https://mathworksheetkidscollection.github.io/html/free-30-addition-math-worksheet-for-grade-5-part-157-9776.html,https://mathworksheetkidscollection.github.io/images/free-30-addition-math-worksheet-for-grade-5-part-157-9776.jpg,Elementary Math Activities,04/17/2026 11:00:00 AM
"Count and Color Flower, Ball, Star Worksheet for Kids",Fun and engaging Count and Color worksheet for Grade 1. Perfect printable math practice.,https://mathworksheetkidscollection.github.io/html/count-and-color-flower-ball-star-worksheet-for-kids-9563.html,https://mathworksheetkidscollection.github.io/images/count-and-color-flower-ball-star-worksheet-for-kids-9563.jpg,Elementary Math Activities,04/17/2026 01:36:00 PM
Free Counting Objects Worksheet For Kindergarten Printable - Part 159 | Printable Practice,Teachers and parents love this Counting Objects worksheet for Kindergarten. Download and print instantly.,https://mathworksheetkidscollection.github.io/html/free-counting-objects-worksheet-for-kindergarten-printable-part-159-5960.html,https://mathworksheetkidscollection.github.io/images/free-counting-objects-worksheet-for-kindergarten-printable-part-159-5960.jpg,Math Practice Printables,04/17/2026 04:25:00 PM
Grade 2 Division Practice Worksheet (16 Problems) - Part 160 | Printable Practice,Teachers and parents love this Division worksheet for Grade 2. Download and print instantly.,https://mathworksheetkidscollection.github.io/html/grade-2-division-practice-worksheet-16-problems-part-160-3227.html,https://mathworksheetkidscollection.github.io/images/grade-2-division-practice-worksheet-16-problems-part-160-3227.jpg,Printable Worksheets,04/17/2026 08:22:00 PM
General Knowledge Mathematics Quiz Worksheet,Free printable Math worksheet for Math. Perfect for homeschool practice and classroom activities.,https://mathworksheetkidscollection.github.io/html/general-knowledge-mathematics-quiz-worksheet-9554.html,https://mathworksheetkidscollection.github.io/images/general-knowledge-mathematics-quiz-worksheet-9554.jpg,Printable Worksheets,04/18/2026 08:24:00 AM
Missing Number Math Worksheet,Fun and engaging Missing Number worksheet for Grade 1. Perfect printable math practice.,https://mathworksheetkidscollection.github.io/html/missing-number-math-worksheet-1631.html,https://mathworksheetkidscollection.github.io/images/missing-number-math-worksheet-1631.jpg,Homeschool Math,04/18/2026 11:00:00 AM
Mixed Operations Math Worksheet,Printable Mixed Operations worksheet designed for Grade 3 students. Easy and fun math practice.,https://mathworksheetkidscollection.github.io/html/mixed-operations-math-worksheet-2294.html,https://mathworksheetkidscollection.github.io/images/mixed-operations-math-worksheet-2294.jpg,Printable Worksheets,04/18/2026 01:22:00 PM
Free 26 Multiplication Math Worksheet For Grade 2 With Answers - Part 164 | Printable Practice,Help kids master Multiplication with this printable worksheet for Grade 2. Great for daily math practice.,https://mathworksheetkidscollection.github.io/html/free-26-multiplication-math-worksheet-for-grade-2-with-answers-part-164-3261.html,https://mathworksheetkidscollection.github.io/images/free-26-multiplication-math-worksheet-for-grade-2-with-answers-part-164-3261.jpg,Kids Math Worksheets,04/18/2026 04:38:00 PM
Printable Free 27 Subtraction Math Worksheet For Grade 3 - Part 165 | Printable Practice,Printable Subtraction worksheet designed for Grade 3 students. Easy and fun math practice.,https://mathworksheetkidscollection.github.io/html/printable-free-27-subtraction-math-worksheet-for-grade-3-part-165-6104.html,https://mathworksheetkidscollection.github.io/images/printable-free-27-subtraction-math-worksheet-for-grade-3-part-165-6104.jpg,Kids Math Worksheets,04/18/2026 08:35:00 PM
8 Times Table Worksheet For Grade 3 - Part 166 | Printable Practice,Help kids master Times Table with this printable worksheet for Grade 3. Great for daily math practice.,https://mathworksheetkidscollection.github.io/html/8-times-table-worksheet-for-grade-3-part-166-3095.html,https://mathworksheetkidscollection.github.io/images/8-times-table-worksheet-for-grade-3-part-166-3095.jpg,Homeschool Math,04/19/2026 08:24:00 AM
Printable Tracing Worksheet For Kids - Part 167 | Free Printable,Teachers and parents love this Tracing worksheet for Kindergarten. Download and print instantly.,https://mathworksheetkidscollection.github.io/html/printable-tracing-worksheet-for-kids-part-167-3400.html,https://mathworksheetkidscollection.github.io/images/printable-tracing-worksheet-for-kids-part-167-3400.jpg,Kids Math Worksheets,04/19/2026 11:00:00 AM
Math Word Problem Worksheet,Teachers and parents love this Word Problem worksheet for Grade 3. Download and print instantly.,https://mathworksheetkidscollection.github.io/html/math-word-problem-worksheet-5092.html,https://mathworksheetkidscollection.github.io/images/math-word-problem-worksheet-5092.jpg,Kids Math Worksheets,04/19/2026 01:34:00 PM
Free 16 Addition Math Worksheet For Grade 1 - Part 169 | Printable Practice,Fun and engaging Addition worksheet for Grade 1. Perfect printable math practice.,https://mathworksheetkidscollection.github.io/html/free-16-addition-math-worksheet-for-grade-1-part-169-5029.html,https://mathworksheetkidscollection.github.io/images/free-16-addition-math-worksheet-for-grade-1-part-169-5029.jpg,Kids Math Worksheets,04/19/2026 04:35:00 PM
Grade 1 Count and Color Shapes Worksheet,Free printable Count and Color worksheet for Grade 1. Perfect for homeschool practice and classroom activities.,https://mathworksheetkidscollection.github.io/html/grade-1-count-and-color-shapes-worksheet-5665.html,https://mathworksheetkidscollection.github.io/images/grade-1-count-and-color-shapes-worksheet-5665.jpg,Homeschool Math,04/19/2026 08:33:00 PM
Pre-K Count The Objects Worksheet - Part 171 | Printable Practice,Help kids master Counting Objects with this printable worksheet for Pre-K. Great for daily math practice.,https://mathworksheetkidscollection.github.io/html/pre-k-count-the-objects-worksheet-part-171-4562.html,https://mathworksheetkidscollection.github.io/images/pre-k-count-the-objects-worksheet-part-171-4562.jpg,Homeschool Math,04/20/2026 08:24:00 AM
Printable Free 10 Division Math Worksheet For Grade 1 - Part 172 | Printable Practice,Fun and engaging Division worksheet for Grade 1. Perfect printable math practice.,https://mathworksheetkidscollection.github.io/html/printable-free-10-division-math-worksheet-for-grade-1-part-172-2828.html,https://mathworksheetkidscollection.github.io/images/printable-free-10-division-math-worksheet-for-grade-1-part-172-2828.jpg,Kids Math Worksheets,04/20/2026 11:08:00 AM
Challenging Math Challenge Test Worksheet for Math Learners,Teachers and parents love this Math worksheet for Math. Download and print instantly.,https://mathworksheetkidscollection.github.io/html/challenging-math-challenge-test-worksheet-for-math-learners-4879.html,https://mathworksheetkidscollection.github.io/images/challenging-math-challenge-test-worksheet-for-math-learners-4879.jpg,Printable Worksheets,04/20/2026 01:35:00 PM
Missing Number Math Worksheet,Printable Missing Number worksheet designed for Grade 1 students. Easy and fun math practice.,https://mathworksheetkidscollection.github.io/html/missing-number-math-worksheet-3907.html,https://mathworksheetkidscollection.github.io/images/missing-number-math-worksheet-3907.jpg,Math Practice Printables,04/20/2026 04:23:00 PM
Mixed Operations Math Worksheet,Free printable Mixed Operations worksheet for Grade 3. Perfect for homeschool practice and classroom activities.,https://mathworksheetkidscollection.github.io/html/mixed-operations-math-worksheet-3542.html,https://mathworksheetkidscollection.github.io/images/mixed-operations-math-worksheet-3542.jpg,Printable Worksheets,04/20/2026 08:33:00 PM
Printable Free 14 Multiplication Math Worksheet For Grade 2 - Part 176 | Printable Practice,Free printable Multiplication worksheet for Grade 2. Perfect for homeschool practice and classroom activities.,https://mathworksheetkidscollection.github.io/html/printable-free-14-multiplication-math-worksheet-for-grade-2-part-176-4011.html,https://mathworksheetkidscollection.github.io/images/printable-free-14-multiplication-math-worksheet-for-grade-2-part-176-4011.jpg,Math Practice Printables,04/21/2026 08:33:00 AM
Printable Free 26 Subtraction Math Worksheet For Grade 5 - Part 177 | Printable Practice,Fun and engaging Subtraction worksheet for Grade 5. Perfect printable math practice.,https://mathworksheetkidscollection.github.io/html/printable-free-26-subtraction-math-worksheet-for-grade-5-part-177-3327.html,https://mathworksheetkidscollection.github.io/images/printable-free-26-subtraction-math-worksheet-for-grade-5-part-177-3327.jpg,Printable Worksheets,04/21/2026 11:00:00 AM
11 Times Table Worksheet For Grade 4 - Part 178 | Printable Practice,Teachers and parents love this Times Table worksheet for Grade 4. Download and print instantly.,https://mathworksheetkidscollection.github.io/html/11-times-table-worksheet-for-grade-4-part-178-5850.html,https://mathworksheetkidscollection.github.io/images/11-times-table-worksheet-for-grade-4-part-178-5850.jpg,Printable Worksheets,04/21/2026 01:34:00 PM
Printable Tracing Worksheet For Kids - Part 179 | Free Printable,Fun and engaging Tracing worksheet for Preschool. Perfect printable math practice.,https://mathworksheetkidscollection.github.io/html/printable-tracing-worksheet-for-kids-part-179-7695.html,https://mathworksheetkidscollection.github.io/images/printable-tracing-worksheet-for-kids-part-179-7695.jpg,Homeschool Math,04/21/2026 04:23:00 PM
Math Word Problem Worksheet,Teachers and parents love this Word Problem worksheet for Grade 3. Download and print instantly.,https://mathworksheetkidscollection.github.io/html/math-word-problem-worksheet-9056.html,https://mathworksheetkidscollection.github.io/images/math-word-problem-worksheet-9056.jpg,Math Practice Printables,04/21/2026 08:24:00 PM
Free 18 Addition Math Worksheet For Grade 1 With Answers - Part 181 | Printable Practice,Help kids master Addition with this printable worksheet for Grade 1. Great for daily math practice.,https://mathworksheetkidscollection.github.io/html/free-18-addition-math-worksheet-for-grade-1-with-answers-part-181-1773.html,https://mathworksheetkidscollection.github.io/images/free-18-addition-math-worksheet-for-grade-1-with-answers-part-181-1773.jpg,Kids Math Worksheets,04/22/2026 08:32:00 AM
Free Preschool Count and Color Worksheet,Free printable Count and Color worksheet for Preschool. Perfect for homeschool practice and classroom activities.,https://mathworksheetkidscollection.github.io/html/free-preschool-count-and-color-worksheet-9298.html,https://mathworksheetkidscollection.github.io/images/free-preschool-count-and-color-worksheet-9298.jpg,Kids Math Worksheets,04/22/2026 11:00:00 AM
Kindergarten Count The Objects Worksheet - Part 183 | Printable Practice,Printable Counting Objects worksheet designed for Kindergarten students. Easy and fun math practice.,https://mathworksheetkidscollection.github.io/html/kindergarten-count-the-objects-worksheet-part-183-4134.html,https://mathworksheetkidscollection.github.io/images/kindergarten-count-the-objects-worksheet-part-183-4134.jpg,Kids Math Worksheets,04/22/2026 01:29:00 PM
Free 30 Division Math Worksheet For Grade 2 With Answers - Part 184 | Printable Practice,Teachers and parents love this Division worksheet for Grade 2. Download and print instantly.,https://mathworksheetkidscollection.github.io/html/free-30-division-math-worksheet-for-grade-2-with-answers-part-184-8430.html,https://mathworksheetkidscollection.github.io/images/free-30-division-math-worksheet-for-grade-2-with-answers-part-184-8430.jpg,Elementary Math Activities,04/22/2026 04:28:00 PM
Practice General Math Quiz Test Worksheet for Math Learners,Printable Math worksheet designed for Math students. Easy and fun math practice.,https://mathworksheetkidscollection.github.io/html/practice-general-math-quiz-test-worksheet-for-math-learners-8634.html,https://mathworksheetkidscollection.github.io/images/practice-general-math-quiz-test-worksheet-for-math-learners-8634.jpg,Math Practice Printables,04/22/2026 08:27:00 PM
Missing Number Math Worksheet,Fun and engaging Missing Number worksheet for Grade 1. Perfect printable math practice.,https://mathworksheetkidscollection.github.io/html/missing-number-math-worksheet-7512.html,https://mathworksheetkidscollection.github.io/images/missing-number-math-worksheet-7512.jpg,Kids Math Worksheets,04/23/2026 08:31:00 AM
Mixed Operations Math Worksheet,Printable Mixed Operations worksheet designed for Grade 3 students. Easy and fun math practice.,https://mathworksheetkidscollection.github.io/html/mixed-operations-math-worksheet-8343.html,https://mathworksheetkidscollection.github.io/images/mixed-operations-math-worksheet-8343.jpg,Printable Worksheets,04/23/2026 11:00:00 AM
Free 10 Multiplication Math Worksheet For Grade 2 With Answers - Part 188 | Printable Practice,Help kids master Multiplication with this printable worksheet for Grade 2. Great for daily math practice.,https://mathworksheetkidscollection.github.io/html/free-10-multiplication-math-worksheet-for-grade-2-with-answers-part-188-4745.html,https://mathworksheetkidscollection.github.io/images/free-10-multiplication-math-worksheet-for-grade-2-with-answers-part-188-4745.jpg,Math Practice Printables,04/23/2026 01:24:00 PM
Printable Free 23 Subtraction Math Worksheet For Grade 2 - Part 189 | Printable Practice,Free printable Subtraction worksheet for Grade 2. Perfect for homeschool practice and classroom activities.,https://mathworksheetkidscollection.github.io/html/printable-free-23-subtraction-math-worksheet-for-grade-2-part-189-4392.html,https://mathworksheetkidscollection.github.io/images/printable-free-23-subtraction-math-worksheet-for-grade-2-part-189-4392.jpg,Kids Math Worksheets,04/23/2026 04:37:00 PM
3 Times Table Worksheet For Grade 2 - Part 190 | Printable Practice,Teachers and parents love this Times Table worksheet for Grade 2. Download and print instantly.,https://mathworksheetkidscollection.github.io/html/3-times-table-worksheet-for-grade-2-part-190-4234.html,https://mathworksheetkidscollection.github.io/images/3-times-table-worksheet-for-grade-2-part-190-4234.jpg,Elementary Math Activities,04/23/2026 08:30:00 PM
Printable Tracing Worksheet For Kids - Part 191 | Free Printable,Help kids master Tracing with this printable worksheet for Preschool. Great for daily math practice.,https://mathworksheetkidscollection.github.io/html/printable-tracing-worksheet-for-kids-part-191-4586.html,https://mathworksheetkidscollection.github.io/images/printable-tracing-worksheet-for-kids-part-191-4586.jpg,Homeschool Math,04/24/2026 08:24:00 AM
Math Word Problem Worksheet,Teachers and parents love this Word Problem worksheet for Grade 3. Download and print instantly.,https://mathworksheetkidscollection.github.io/html/math-word-problem-worksheet-8607.html,https://mathworksheetkidscollection.github.io/images/math-word-problem-worksheet-8607.jpg,Homeschool Math,04/24/2026 11:00:00 AM
Free 27 Addition Math Worksheet For Grade 1 - Part 193 | Printable Practice,Printable Addition worksheet designed for Grade 1 students. Easy and fun math practice.,https://mathworksheetkidscollection.github.io/html/free-27-addition-math-worksheet-for-grade-1-part-193-9124.html,https://mathworksheetkidscollection.github.io/images/free-27-addition-math-worksheet-for-grade-1-part-193-9124.jpg,Homeschool Math,04/24/2026 01:24:00 PM
Printable Count and Color Worksheet for Preschool Kids,Teachers and parents love this Count and Color worksheet for Preschool. Download and print instantly.,https://mathworksheetkidscollection.github.io/html/printable-count-and-color-worksheet-for-preschool-kids-6501.html,https://mathworksheetkidscollection.github.io/images/printable-count-and-color-worksheet-for-preschool-kids-6501.jpg,Kids Math Worksheets,04/24/2026 04:31:00 PM
Learn Counting With Pictures Worksheet (Pre-K) - Part 195 | Printable Practice,Fun and engaging Counting Objects worksheet for Pre-K. Perfect printable math practice.,https://mathworksheetkidscollection.github.io/html/learn-counting-with-pictures-worksheet-pre-k-part-195-8697.html,https://mathworksheetkidscollection.github.io/images/learn-counting-with-pictures-worksheet-pre-k-part-195-8697.jpg,Kids Math Worksheets,04/24/2026 08:24:00 PM
Free 27 Division Math Worksheet For Grade 1 With Answers - Part 196 | Printable Practice,Help kids master Division with this printable worksheet for Grade 1. Great for daily math practice.,https://mathworksheetkidscollection.github.io/html/free-27-division-math-worksheet-for-grade-1-with-answers-part-196-1716.html,https://mathworksheetkidscollection.github.io/images/free-27-division-math-worksheet-for-grade-1-with-answers-part-196-1716.jpg,Printable Worksheets,04/25/2026 08:36:00 AM
4 Mathematics Problem Set Practice Worksheet,Fun and engaging Math worksheet for Math. Perfect printable math practice.,https://mathworksheetkidscollection.github.io/html/4-mathematics-problem-set-practice-worksheet-4264.html,https://mathworksheetkidscollection.github.io/images/4-mathematics-problem-set-practice-worksheet-4264.jpg,Homeschool Math,04/25/2026 11:00:00 AM
Missing Number Math Worksheet,Help kids master Missing Number with this printable worksheet for Grade 1. Great for daily math practice.,https://mathworksheetkidscollection.github.io/html/missing-number-math-worksheet-9850.html,https://mathworksheetkidscollection.github.io/images/missing-number-math-worksheet-9850.jpg,Homeschool Math,04/25/2026 01:28:00 PM
Mixed Operations Math Worksheet,Fun and engaging Mixed Operations worksheet for Grade 3. Perfect printable math practice.,https://mathworksheetkidscollection.github.io/html/mixed-operations-math-worksheet-8094.html,https://mathworksheetkidscollection.github.io/images/mixed-operations-math-worksheet-8094.jpg,Math Practice Printables,04/25/2026 04:27:00 PM
Printable Free 17 Multiplication Math Worksheet For Grade 1 - Part 200 | Printable Practice,Fun and engaging Multiplication worksheet for Grade 1. Perfect printable math practice.,https://mathworksheetkidscollection.github.io/html/printable-free-17-multiplication-math-worksheet-for-grade-1-part-200-3256.html,https://mathworksheetkidscollection.github.io/images/printable-free-17-multiplication-math-worksheet-for-grade-1-part-200-3256.jpg,Math Practice Printables,04/25/2026 08:30:00 PM
